max_tour,avg_node,avg_fitness,avg_day,avg_time_process,param_score
5,4.0,0.3116666666666667,1.0,0.21244244575500487,0.25
8,6.0,0.3133333333333333,1.0,0.40552315711975095,0.412230362087074
10,8.0,0.3125,1.0,0.43930835723876954,0.375
